<?xml version="1.0" encoding="utf-8"?>
<scenery>
    <name>Military</name>
</scenery>
<mission_0>
    <name>Transporter Crashed</name>
    <type>0</type>
    <start_text>A transporter carrying essential goods for our troops hit a rock on the street and flipped to the side. The driver was seriously injured and needs medical attention. Your superior made a strange side note that there might be more to be rescued than just the soldier.</start_text>
    <pickup_text>The wounded soldier is on board and we are ready to go. We should get to the hospital as quickly as possible. Make sure that his situation does not get worse by flying as careful as possible.</pickup_text>
    <flight2_text>The patient is on board and we are on our way to the hospital. We should go as quickly, but also as smoothly as possible to ensure our patient is alright</flight2_text>
    <failed_arr_text>We did not make it in time, but we should still pick up the dead soldier. The hospital will make arrangements for his last travel home.</failed_arr_text>
    <failed_hosp_text>Unfortunately, our patient did not make it. Let&apos;s drop the corpse at the hospital and let them make the arrangements for his final journey back home. Looking at the barrel at the back of the cabin, you make a mental note to raise a glass for your dead comrade.</failed_hosp_text>
    <end_text>The wounded soldier was handed over to the hospital surgeons.</end_text>
    <sound_start>0</sound_start>
    <sound_arr>0</sound_arr>
    <sound_pickup>0</sound_pickup>
    <sound_end>0</sound_end>
    <sound_failed_arr>0</sound_failed_arr>
    <sound_failed_hops>0</sound_failed_hops>
    <object_0>
        <obj_path>CDB-Library/Airport/GSE_military/truck/truck_tata_stallion.obj</obj_path>
        <elevation>1.299999952316284</elevation>
        <dist_x>1</dist_x>
        <dist_y>9</dist_y>
        <heading>-13</heading>
        <pitch>0</pitch>
        <roll>90</roll>
        <is_patient>false</is_patient>
        <is_slingload>false</is_slingload>
        <sling_is_bambi_bucket>false</sling_is_bambi_bucket>
        <sling_instanced_drawing>true</sling_instanced_drawing>
        <sling_pos_x>0</sling_pos_x>
        <sling_pos_y>0</sling_pos_y>
        <sling_pos_z>0</sling_pos_z>
        <sling_weight>100</sling_weight>
        <sling_height>0</sling_height>
        <sling_size_x>0</sling_size_x>
        <sling_size_y>0</sling_size_y>
        <sling_size_z>0</sling_size_z>
        <sling_cw_x>0</sling_cw_x>
        <sling_cw_y>0</sling_cw_y>
        <sling_cw_z>0</sling_cw_z>
        <sling_friction_glide>0.35</sling_friction_glide>
        <sling_friction_static>3</sling_friction_static>
    </object_0>
    <object_1>
        <obj_path>3D_people_library/Soldier_male1.obj</obj_path>
        <elevation>0.1000000014901161</elevation>
        <dist_x>5</dist_x>
        <dist_y>19</dist_y>
        <heading>0</heading>
        <pitch>-90</pitch>
        <roll>0</roll>
        <is_patient>true</is_patient>
        <is_slingload>false</is_slingload>
        <sling_is_bambi_bucket>false</sling_is_bambi_bucket>
        <sling_instanced_drawing>true</sling_instanced_drawing>
        <sling_pos_x>0</sling_pos_x>
        <sling_pos_y>0</sling_pos_y>
        <sling_pos_z>0</sling_pos_z>
        <sling_weight>100</sling_weight>
        <sling_height>0</sling_height>
        <sling_size_x>0</sling_size_x>
        <sling_size_y>0</sling_size_y>
        <sling_size_z>0</sling_size_z>
        <sling_cw_x>0</sling_cw_x>
        <sling_cw_y>0</sling_cw_y>
        <sling_cw_z>0</sling_cw_z>
        <sling_friction_glide>0.35</sling_friction_glide>
        <sling_friction_static>3</sling_friction_static>
    </object_1>
    <object_2>
        <obj_path>CDB-Library/Cars/cars/Jeep/car_jeep2.obj</obj_path>
        <elevation>0</elevation>
        <dist_x>3</dist_x>
        <dist_y>27</dist_y>
        <heading>180</heading>
        <pitch>0</pitch>
        <roll>0</roll>
        <is_patient>false</is_patient>
        <is_slingload>false</is_slingload>
        <sling_is_bambi_bucket>false</sling_is_bambi_bucket>
        <sling_instanced_drawing>true</sling_instanced_drawing>
        <sling_pos_x>0</sling_pos_x>
        <sling_pos_y>0</sling_pos_y>
        <sling_pos_z>0</sling_pos_z>
        <sling_weight>100</sling_weight>
        <sling_height>0</sling_height>
        <sling_size_x>0</sling_size_x>
        <sling_size_y>0</sling_size_y>
        <sling_size_z>0</sling_size_z>
        <sling_cw_x>0</sling_cw_x>
        <sling_cw_y>0</sling_cw_y>
        <sling_cw_z>0</sling_cw_z>
        <sling_friction_glide>0.35</sling_friction_glide>
        <sling_friction_static>3</sling_friction_static>
    </object_2>
    <object_3>
        <obj_path>CDB-Library/Peeps/Militare_Peeps/peeps_rampAgentM2.obj</obj_path>
        <elevation>0</elevation>
        <dist_x>4</dist_x>
        <dist_y>20</dist_y>
        <heading>205</heading>
        <pitch>0</pitch>
        <roll>0</roll>
        <is_patient>true</is_patient>
        <is_slingload>false</is_slingload>
        <sling_is_bambi_bucket>false</sling_is_bambi_bucket>
        <sling_instanced_drawing>true</sling_instanced_drawing>
        <sling_pos_x>0</sling_pos_x>
        <sling_pos_y>0</sling_pos_y>
        <sling_pos_z>0</sling_pos_z>
        <sling_weight>100</sling_weight>
        <sling_height>0</sling_height>
        <sling_size_x>0</sling_size_x>
        <sling_size_y>0</sling_size_y>
        <sling_size_z>0</sling_size_z>
        <sling_cw_x>0</sling_cw_x>
        <sling_cw_y>0</sling_cw_y>
        <sling_cw_z>0</sling_cw_z>
        <sling_friction_glide>0.35</sling_friction_glide>
        <sling_friction_static>3</sling_friction_static>
    </object_3>
    <object_4>
        <obj_path>RescueX/objects/OBJ_pylone.obj</obj_path>
        <elevation>0</elevation>
        <dist_x>0</dist_x>
        <dist_y>30</dist_y>
        <heading>0</heading>
        <pitch>0</pitch>
        <roll>0</roll>
        <is_patient>false</is_patient>
        <is_slingload>false</is_slingload>
        <sling_is_bambi_bucket>false</sling_is_bambi_bucket>
        <sling_instanced_drawing>true</sling_instanced_drawing>
        <sling_pos_x>0</sling_pos_x>
        <sling_pos_y>0</sling_pos_y>
        <sling_pos_z>0</sling_pos_z>
        <sling_weight>100</sling_weight>
        <sling_height>0</sling_height>
        <sling_size_x>0</sling_size_x>
        <sling_size_y>0</sling_size_y>
        <sling_size_z>0</sling_size_z>
        <sling_cw_x>0</sling_cw_x>
        <sling_cw_y>0</sling_cw_y>
        <sling_cw_z>0</sling_cw_z>
        <sling_friction_glide>0.35</sling_friction_glide>
        <sling_friction_static>3</sling_friction_static>
    </object_4>
    <object_5>
        <obj_path>RescueX/objects/OBJ_pylone.obj</obj_path>
        <elevation>0</elevation>
        <dist_x>2</dist_x>
        <dist_y>31</dist_y>
        <heading>0</heading>
        <pitch>0</pitch>
        <roll>0</roll>
        <is_patient>false</is_patient>
        <is_slingload>false</is_slingload>
        <sling_is_bambi_bucket>false</sling_is_bambi_bucket>
        <sling_instanced_drawing>true</sling_instanced_drawing>
        <sling_pos_x>0</sling_pos_x>
        <sling_pos_y>0</sling_pos_y>
        <sling_pos_z>0</sling_pos_z>
        <sling_weight>100</sling_weight>
        <sling_height>0</sling_height>
        <sling_size_x>0</sling_size_x>
        <sling_size_y>0</sling_size_y>
        <sling_size_z>0</sling_size_z>
        <sling_cw_x>0</sling_cw_x>
        <sling_cw_y>0</sling_cw_y>
        <sling_cw_z>0</sling_cw_z>
        <sling_friction_glide>0.35</sling_friction_glide>
        <sling_friction_static>3</sling_friction_static>
    </object_5>
    <object_6>
        <obj_path>RescueX/objects/OBJ_pylone.obj</obj_path>
        <elevation>0</elevation>
        <dist_x>4</dist_x>
        <dist_y>32</dist_y>
        <heading>0</heading>
        <pitch>0</pitch>
        <roll>0</roll>
        <is_patient>false</is_patient>
        <is_slingload>false</is_slingload>
        <sling_is_bambi_bucket>false</sling_is_bambi_bucket>
        <sling_instanced_drawing>true</sling_instanced_drawing>
        <sling_pos_x>0</sling_pos_x>
        <sling_pos_y>0</sling_pos_y>
        <sling_pos_z>0</sling_pos_z>
        <sling_weight>100</sling_weight>
        <sling_height>0</sling_height>
        <sling_size_x>0</sling_size_x>
        <sling_size_y>0</sling_size_y>
        <sling_size_z>0</sling_size_z>
        <sling_cw_x>0</sling_cw_x>
        <sling_cw_y>0</sling_cw_y>
        <sling_cw_z>0</sling_cw_z>
        <sling_friction_glide>0.35</sling_friction_glide>
        <sling_friction_static>3</sling_friction_static>
    </object_6>
    <object_7>
        <obj_path>RescueX/objects/OBJ_pylone.obj</obj_path>
        <elevation>0</elevation>
        <dist_x>-2</dist_x>
        <dist_y>29</dist_y>
        <heading>0</heading>
        <pitch>0</pitch>
        <roll>0</roll>
        <is_patient>false</is_patient>
        <is_slingload>false</is_slingload>
        <sling_is_bambi_bucket>false</sling_is_bambi_bucket>
        <sling_instanced_drawing>true</sling_instanced_drawing>
        <sling_pos_x>0</sling_pos_x>
        <sling_pos_y>0</sling_pos_y>
        <sling_pos_z>0</sling_pos_z>
        <sling_weight>100</sling_weight>
        <sling_height>0</sling_height>
        <sling_size_x>0</sling_size_x>
        <sling_size_y>0</sling_size_y>
        <sling_size_z>0</sling_size_z>
        <sling_cw_x>0</sling_cw_x>
        <sling_cw_y>0</sling_cw_y>
        <sling_cw_z>0</sling_cw_z>
        <sling_friction_glide>0.35</sling_friction_glide>
        <sling_friction_static>3</sling_friction_static>
    </object_7>
    <object_8>
        <obj_path>RescueX/objects/OBJ_pylone.obj</obj_path>
        <elevation>0</elevation>
        <dist_x>-2</dist_x>
        <dist_y>1</dist_y>
        <heading>0</heading>
        <pitch>0</pitch>
        <roll>0</roll>
        <is_patient>false</is_patient>
        <is_slingload>false</is_slingload>
        <sling_is_bambi_bucket>false</sling_is_bambi_bucket>
        <sling_instanced_drawing>true</sling_instanced_drawing>
        <sling_pos_x>0</sling_pos_x>
        <sling_pos_y>0</sling_pos_y>
        <sling_pos_z>0</sling_pos_z>
        <sling_weight>100</sling_weight>
        <sling_height>0</sling_height>
        <sling_size_x>0</sling_size_x>
        <sling_size_y>0</sling_size_y>
        <sling_size_z>0</sling_size_z>
        <sling_cw_x>0</sling_cw_x>
        <sling_cw_y>0</sling_cw_y>
        <sling_cw_z>0</sling_cw_z>
        <sling_friction_glide>0.35</sling_friction_glide>
        <sling_friction_static>3</sling_friction_static>
    </object_8>
    <object_9>
        <obj_path>RescueX/objects/OBJ_pylone.obj</obj_path>
        <elevation>0</elevation>
        <dist_x>0</dist_x>
        <dist_y>0</dist_y>
        <heading>0</heading>
        <pitch>0</pitch>
        <roll>0</roll>
        <is_patient>false</is_patient>
        <is_slingload>false</is_slingload>
        <sling_is_bambi_bucket>false</sling_is_bambi_bucket>
        <sling_instanced_drawing>true</sling_instanced_drawing>
        <sling_pos_x>0</sling_pos_x>
        <sling_pos_y>0</sling_pos_y>
        <sling_pos_z>0</sling_pos_z>
        <sling_weight>100</sling_weight>
        <sling_height>0</sling_height>
        <sling_size_x>0</sling_size_x>
        <sling_size_y>0</sling_size_y>
        <sling_size_z>0</sling_size_z>
        <sling_cw_x>0</sling_cw_x>
        <sling_cw_y>0</sling_cw_y>
        <sling_cw_z>0</sling_cw_z>
        <sling_friction_glide>0.35</sling_friction_glide>
        <sling_friction_static>3</sling_friction_static>
    </object_9>
    <object_10>
        <obj_path>RescueX/objects/OBJ_pylone.obj</obj_path>
        <elevation>0</elevation>
        <dist_x>2</dist_x>
        <dist_y>-1</dist_y>
        <heading>0</heading>
        <pitch>0</pitch>
        <roll>0</roll>
        <is_patient>false</is_patient>
        <is_slingload>false</is_slingload>
        <sling_is_bambi_bucket>false</sling_is_bambi_bucket>
        <sling_instanced_drawing>true</sling_instanced_drawing>
        <sling_pos_x>0</sling_pos_x>
        <sling_pos_y>0</sling_pos_y>
        <sling_pos_z>0</sling_pos_z>
        <sling_weight>100</sling_weight>
        <sling_height>0</sling_height>
        <sling_size_x>0</sling_size_x>
        <sling_size_y>0</sling_size_y>
        <sling_size_z>0</sling_size_z>
        <sling_cw_x>0</sling_cw_x>
        <sling_cw_y>0</sling_cw_y>
        <sling_cw_z>0</sling_cw_z>
        <sling_friction_glide>0.35</sling_friction_glide>
        <sling_friction_static>3</sling_friction_static>
    </object_10>
    <object_11>
        <obj_path>RescueX/objects/OBJ_pylone.obj</obj_path>
        <elevation>0</elevation>
        <dist_x>4</dist_x>
        <dist_y>-2</dist_y>
        <heading>0</heading>
        <pitch>0</pitch>
        <roll>0</roll>
        <is_patient>false</is_patient>
        <is_slingload>false</is_slingload>
        <sling_is_bambi_bucket>false</sling_is_bambi_bucket>
        <sling_instanced_drawing>true</sling_instanced_drawing>
        <sling_pos_x>0</sling_pos_x>
        <sling_pos_y>0</sling_pos_y>
        <sling_pos_z>0</sling_pos_z>
        <sling_weight>100</sling_weight>
        <sling_height>0</sling_height>
        <sling_size_x>0</sling_size_x>
        <sling_size_y>0</sling_size_y>
        <sling_size_z>0</sling_size_z>
        <sling_cw_x>0</sling_cw_x>
        <sling_cw_y>0</sling_cw_y>
        <sling_cw_z>0</sling_cw_z>
        <sling_friction_glide>0.35</sling_friction_glide>
        <sling_friction_static>3</sling_friction_static>
    </object_11>
    <object_12>
        <obj_path>handyobjects/miscellaneous/camp_fire.obj</obj_path>
        <elevation>0</elevation>
        <dist_x>1.5</dist_x>
        <dist_y>12</dist_y>
        <heading>0</heading>
        <pitch>0</pitch>
        <roll>0</roll>
        <is_patient>false</is_patient>
        <is_slingload>false</is_slingload>
        <sling_is_bambi_bucket>false</sling_is_bambi_bucket>
        <sling_instanced_drawing>true</sling_instanced_drawing>
        <sling_pos_x>0</sling_pos_x>
        <sling_pos_y>0</sling_pos_y>
        <sling_pos_z>0</sling_pos_z>
        <sling_weight>100</sling_weight>
        <sling_height>0</sling_height>
        <sling_size_x>0</sling_size_x>
        <sling_size_y>0</sling_size_y>
        <sling_size_z>0</sling_size_z>
        <sling_cw_x>0</sling_cw_x>
        <sling_cw_y>0</sling_cw_y>
        <sling_cw_z>0</sling_cw_z>
        <sling_friction_glide>0.35</sling_friction_glide>
        <sling_friction_static>3</sling_friction_static>
    </object_12>
    <object_13>
        <obj_path>handyobjects/storage/wooden_barrel.obj</obj_path>
        <elevation>0</elevation>
        <dist_x>4</dist_x>
        <dist_y>5</dist_y>
        <heading>0</heading>
        <pitch>0</pitch>
        <roll>0</roll>
        <is_patient>true</is_patient>
        <is_slingload>false</is_slingload>
        <sling_is_bambi_bucket>false</sling_is_bambi_bucket>
        <sling_instanced_drawing>true</sling_instanced_drawing>
        <sling_pos_x>0</sling_pos_x>
        <sling_pos_y>0</sling_pos_y>
        <sling_pos_z>0</sling_pos_z>
        <sling_weight>100</sling_weight>
        <sling_height>0</sling_height>
        <sling_size_x>0</sling_size_x>
        <sling_size_y>0</sling_size_y>
        <sling_size_z>0</sling_size_z>
        <sling_cw_x>0</sling_cw_x>
        <sling_cw_y>0</sling_cw_y>
        <sling_cw_z>0</sling_cw_z>
        <sling_friction_glide>0.35</sling_friction_glide>
        <sling_friction_static>3</sling_friction_static>
    </object_13>
    <object_14>
        <obj_path>handyobjects/storage/wooden_barrel_on_side.obj</obj_path>
        <elevation>0</elevation>
        <dist_x>5</dist_x>
        <dist_y>4</dist_y>
        <heading>23</heading>
        <pitch>0</pitch>
        <roll>0</roll>
        <is_patient>false</is_patient>
        <is_slingload>false</is_slingload>
        <sling_is_bambi_bucket>false</sling_is_bambi_bucket>
        <sling_instanced_drawing>true</sling_instanced_drawing>
        <sling_pos_x>0</sling_pos_x>
        <sling_pos_y>0</sling_pos_y>
        <sling_pos_z>0</sling_pos_z>
        <sling_weight>100</sling_weight>
        <sling_height>0</sling_height>
        <sling_size_x>0</sling_size_x>
        <sling_size_y>0</sling_size_y>
        <sling_size_z>0</sling_size_z>
        <sling_cw_x>0</sling_cw_x>
        <sling_cw_y>0</sling_cw_y>
        <sling_cw_z>0</sling_cw_z>
        <sling_friction_glide>0.35</sling_friction_glide>
        <sling_friction_static>3</sling_friction_static>
    </object_14>
    <object_15>
        <obj_path>handyobjects/storage/wooden_barrel_on_side.obj</obj_path>
        <elevation>0</elevation>
        <dist_x>6</dist_x>
        <dist_y>5.300000190734863</dist_y>
        <heading>-28</heading>
        <pitch>0</pitch>
        <roll>0</roll>
        <is_patient>false</is_patient>
        <is_slingload>false</is_slingload>
        <sling_is_bambi_bucket>false</sling_is_bambi_bucket>
        <sling_instanced_drawing>true</sling_instanced_drawing>
        <sling_pos_x>0</sling_pos_x>
        <sling_pos_y>0</sling_pos_y>
        <sling_pos_z>0</sling_pos_z>
        <sling_weight>100</sling_weight>
        <sling_height>0</sling_height>
        <sling_size_x>0</sling_size_x>
        <sling_size_y>0</sling_size_y>
        <sling_size_z>0</sling_size_z>
        <sling_cw_x>0</sling_cw_x>
        <sling_cw_y>0</sling_cw_y>
        <sling_cw_z>0</sling_cw_z>
        <sling_friction_glide>0.35</sling_friction_glide>
        <sling_friction_static>3</sling_friction_static>
    </object_15>
    <object_16>
        <obj_path>handyobjects/storage/wooden_barrel_on_side.obj</obj_path>
        <elevation>0</elevation>
        <dist_x>5.300000190734863</dist_x>
        <dist_y>6.300000190734863</dist_y>
        <heading>69</heading>
        <pitch>0</pitch>
        <roll>0</roll>
        <is_patient>false</is_patient>
        <is_slingload>false</is_slingload>
        <sling_is_bambi_bucket>false</sling_is_bambi_bucket>
        <sling_instanced_drawing>true</sling_instanced_drawing>
        <sling_pos_x>0</sling_pos_x>
        <sling_pos_y>0</sling_pos_y>
        <sling_pos_z>0</sling_pos_z>
        <sling_weight>100</sling_weight>
        <sling_height>0</sling_height>
        <sling_size_x>0</sling_size_x>
        <sling_size_y>0</sling_size_y>
        <sling_size_z>0</sling_size_z>
        <sling_cw_x>0</sling_cw_x>
        <sling_cw_y>0</sling_cw_y>
        <sling_cw_z>0</sling_cw_z>
        <sling_friction_glide>0.35</sling_friction_glide>
        <sling_friction_static>3</sling_friction_static>
    </object_16>
    <object_17>
        <obj_path>CDB-Library/buildings/rocks/rock1.obj</obj_path>
        <elevation>0</elevation>
        <dist_x>3</dist_x>
        <dist_y>0</dist_y>
        <heading>0</heading>
        <pitch>0</pitch>
        <roll>0</roll>
        <is_patient>false</is_patient>
        <is_slingload>false</is_slingload>
        <sling_is_bambi_bucket>false</sling_is_bambi_bucket>
        <sling_instanced_drawing>true</sling_instanced_drawing>
        <sling_pos_x>0</sling_pos_x>
        <sling_pos_y>0</sling_pos_y>
        <sling_pos_z>0</sling_pos_z>
        <sling_weight>100</sling_weight>
        <sling_height>0</sling_height>
        <sling_size_x>0</sling_size_x>
        <sling_size_y>0</sling_size_y>
        <sling_size_z>0</sling_size_z>
        <sling_cw_x>0</sling_cw_x>
        <sling_cw_y>0</sling_cw_y>
        <sling_cw_z>0</sling_cw_z>
        <sling_friction_glide>0.35</sling_friction_glide>
        <sling_friction_static>3</sling_friction_static>
    </object_17>
</mission_0>
<mission_1>
    <name>Comatose Soldier</name>
    <type>1</type>
    <start_text>A soldier suddenly got comatose and needs immediate transport to the hospital. His comrades suspect that enemy spies put toxin into his drink. They tried to counter the poison with as much fluid as possible, but utterly failed. Maybe they should have chosen water instead of whisky?</start_text>
    <pickup_text>The wounded soldier is on board and we are ready to go. We should get to the hospital as quickly as possible. Make sure that his situation does not get worse by flying as careful as possible.</pickup_text>
    <flight2_text>The patient is on board and we are on our way to the hospital. We should go as quickly, but also as smoothly as possible to ensure our patient is alright</flight2_text>
    <failed_arr_text>We did not make it in time, but we should still pick up the dead soldier. The hospital will make arrangements for his last travel home.</failed_arr_text>
    <failed_hosp_text>Unfortunately, our patient did not make it. Let&apos;s drop the corpse at the hospital and let them make the arrangements for his final journey back home.</failed_hosp_text>
    <end_text>The wounded soldier was handed over to the hospital surgeons.</end_text>
    <sound_start>0</sound_start>
    <sound_arr>0</sound_arr>
    <sound_pickup>0</sound_pickup>
    <sound_end>0</sound_end>
    <sound_failed_arr>0</sound_failed_arr>
    <sound_failed_hops>0</sound_failed_hops>
    <object_0>
        <obj_path>3D_people_library/Soldier_male1.obj</obj_path>
        <elevation>1.100000023841858</elevation>
        <dist_x>-3</dist_x>
        <dist_y>-10</dist_y>
        <heading>0</heading>
        <pitch>-90</pitch>
        <roll>0</roll>
        <is_patient>true</is_patient>
        <is_slingload>false</is_slingload>
        <sling_is_bambi_bucket>false</sling_is_bambi_bucket>
        <sling_instanced_drawing>true</sling_instanced_drawing>
        <sling_pos_x>0</sling_pos_x>
        <sling_pos_y>0</sling_pos_y>
        <sling_pos_z>0</sling_pos_z>
        <sling_weight>100</sling_weight>
        <sling_height>0</sling_height>
        <sling_size_x>0</sling_size_x>
        <sling_size_y>0</sling_size_y>
        <sling_size_z>0</sling_size_z>
        <sling_cw_x>0</sling_cw_x>
        <sling_cw_y>0</sling_cw_y>
        <sling_cw_z>0</sling_cw_z>
        <sling_friction_glide>0.35</sling_friction_glide>
        <sling_friction_static>3</sling_friction_static>
    </object_0>
    <object_1>
        <obj_path>RescueX/objects/stretcher.obj</obj_path>
        <elevation>0</elevation>
        <dist_x>-3</dist_x>
        <dist_y>-9</dist_y>
        <heading>93</heading>
        <pitch>0</pitch>
        <roll>0</roll>
        <is_patient>false</is_patient>
        <is_slingload>false</is_slingload>
        <sling_is_bambi_bucket>false</sling_is_bambi_bucket>
        <sling_instanced_drawing>true</sling_instanced_drawing>
        <sling_pos_x>0</sling_pos_x>
        <sling_pos_y>0</sling_pos_y>
        <sling_pos_z>0</sling_pos_z>
        <sling_weight>100</sling_weight>
        <sling_height>0</sling_height>
        <sling_size_x>0</sling_size_x>
        <sling_size_y>0</sling_size_y>
        <sling_size_z>0</sling_size_z>
        <sling_cw_x>0</sling_cw_x>
        <sling_cw_y>0</sling_cw_y>
        <sling_cw_z>0</sling_cw_z>
        <sling_friction_glide>0.35</sling_friction_glide>
        <sling_friction_static>3</sling_friction_static>
    </object_1>
    <object_2>
        <obj_path>CDB-Library/Airport/GSE/ambulance/car_ambulance3.obj</obj_path>
        <elevation>0</elevation>
        <dist_x>-2</dist_x>
        <dist_y>-14</dist_y>
        <heading>185</heading>
        <pitch>0</pitch>
        <roll>0</roll>
        <is_patient>false</is_patient>
        <is_slingload>false</is_slingload>
        <sling_is_bambi_bucket>false</sling_is_bambi_bucket>
        <sling_instanced_drawing>true</sling_instanced_drawing>
        <sling_pos_x>0</sling_pos_x>
        <sling_pos_y>0</sling_pos_y>
        <sling_pos_z>0</sling_pos_z>
        <sling_weight>100</sling_weight>
        <sling_height>0</sling_height>
        <sling_size_x>0</sling_size_x>
        <sling_size_y>0</sling_size_y>
        <sling_size_z>0</sling_size_z>
        <sling_cw_x>0</sling_cw_x>
        <sling_cw_y>0</sling_cw_y>
        <sling_cw_z>0</sling_cw_z>
        <sling_friction_glide>0.35</sling_friction_glide>
        <sling_friction_static>3</sling_friction_static>
    </object_2>
    <object_3>
        <obj_path>CDB-Library/Peeps/airMarshall/peeps_ramp_agentF1.obj</obj_path>
        <elevation>0</elevation>
        <dist_x>-4</dist_x>
        <dist_y>-8</dist_y>
        <heading>0</heading>
        <pitch>0</pitch>
        <roll>0</roll>
        <is_patient>false</is_patient>
        <is_slingload>false</is_slingload>
        <sling_is_bambi_bucket>false</sling_is_bambi_bucket>
        <sling_instanced_drawing>true</sling_instanced_drawing>
        <sling_pos_x>0</sling_pos_x>
        <sling_pos_y>0</sling_pos_y>
        <sling_pos_z>0</sling_pos_z>
        <sling_weight>100</sling_weight>
        <sling_height>0</sling_height>
        <sling_size_x>0</sling_size_x>
        <sling_size_y>0</sling_size_y>
        <sling_size_z>0</sling_size_z>
        <sling_cw_x>0</sling_cw_x>
        <sling_cw_y>0</sling_cw_y>
        <sling_cw_z>0</sling_cw_z>
        <sling_friction_glide>0.35</sling_friction_glide>
        <sling_friction_static>3</sling_friction_static>
    </object_3>
    <object_4>
        <obj_path>3D_people_library/Soldier_male2.obj</obj_path>
        <elevation>0</elevation>
        <dist_x>-2</dist_x>
        <dist_y>-11</dist_y>
        <heading>137</heading>
        <pitch>0</pitch>
        <roll>0</roll>
        <is_patient>false</is_patient>
        <is_slingload>false</is_slingload>
        <sling_is_bambi_bucket>false</sling_is_bambi_bucket>
        <sling_instanced_drawing>true</sling_instanced_drawing>
        <sling_pos_x>0</sling_pos_x>
        <sling_pos_y>0</sling_pos_y>
        <sling_pos_z>0</sling_pos_z>
        <sling_weight>100</sling_weight>
        <sling_height>0</sling_height>
        <sling_size_x>0</sling_size_x>
        <sling_size_y>0</sling_size_y>
        <sling_size_z>0</sling_size_z>
        <sling_cw_x>0</sling_cw_x>
        <sling_cw_y>0</sling_cw_y>
        <sling_cw_z>0</sling_cw_z>
        <sling_friction_glide>0.35</sling_friction_glide>
        <sling_friction_static>3</sling_friction_static>
    </object_4>
    <object_5>
        <obj_path>3D_people_library/Soldier_female2.obj</obj_path>
        <elevation>0</elevation>
        <dist_x>-4</dist_x>
        <dist_y>-10</dist_y>
        <heading>281</heading>
        <pitch>0</pitch>
        <roll>0</roll>
        <is_patient>false</is_patient>
        <is_slingload>false</is_slingload>
        <sling_is_bambi_bucket>false</sling_is_bambi_bucket>
        <sling_instanced_drawing>true</sling_instanced_drawing>
        <sling_pos_x>0</sling_pos_x>
        <sling_pos_y>0</sling_pos_y>
        <sling_pos_z>0</sling_pos_z>
        <sling_weight>100</sling_weight>
        <sling_height>0</sling_height>
        <sling_size_x>0</sling_size_x>
        <sling_size_y>0</sling_size_y>
        <sling_size_z>0</sling_size_z>
        <sling_cw_x>0</sling_cw_x>
        <sling_cw_y>0</sling_cw_y>
        <sling_cw_z>0</sling_cw_z>
        <sling_friction_glide>0.35</sling_friction_glide>
        <sling_friction_static>3</sling_friction_static>
    </object_5>
</mission_1>
<mission_2>
    <name>Soldier WIA</name>
    <type>2</type>
    <start_text>A soldier was WIA, being SI. His comrades carried him back to camp, but his situation is critical. We need to bring him to the MMTF ASAP!</start_text>
    <pickup_text>The wounded soldier is on board and we are ready to go. We should get to the hospital as quickly as possible. Make sure that his situation does not get worse by flying as careful as possible.</pickup_text>
    <flight2_text>The patient is on board and we are on our way to the hospital. We should go as quickly, but also as smoothly as possible to ensure our patient is alright</flight2_text>
    <failed_arr_text>We did not make it in time, but we should still pick up the dead soldier. The hospital will make arrangements for his last travel home.</failed_arr_text>
    <failed_hosp_text>Unfortunately, our patient did not make it. Let&apos;s drop the corpse at the hospital and let them make the arrangements for his final journey back home. </failed_hosp_text>
    <end_text>The wounded soldier was handed over to the hospital surgeons.</end_text>
    <sound_start>0</sound_start>
    <sound_arr>0</sound_arr>
    <sound_pickup>0</sound_pickup>
    <sound_end>0</sound_end>
    <sound_failed_arr>0</sound_failed_arr>
    <sound_failed_hops>0</sound_failed_hops>
    <object_0>
        <obj_path>3D_people_library/Soldier_male1.obj</obj_path>
        <elevation>0.1000000014901161</elevation>
        <dist_x>0</dist_x>
        <dist_y>5</dist_y>
        <heading>0</heading>
        <pitch>-90</pitch>
        <roll>0</roll>
        <is_patient>true</is_patient>
        <is_slingload>false</is_slingload>
        <sling_is_bambi_bucket>false</sling_is_bambi_bucket>
        <sling_instanced_drawing>true</sling_instanced_drawing>
        <sling_pos_x>0</sling_pos_x>
        <sling_pos_y>0</sling_pos_y>
        <sling_pos_z>0</sling_pos_z>
        <sling_weight>100</sling_weight>
        <sling_height>0</sling_height>
        <sling_size_x>0</sling_size_x>
        <sling_size_y>0</sling_size_y>
        <sling_size_z>0</sling_size_z>
        <sling_cw_x>0</sling_cw_x>
        <sling_cw_y>0</sling_cw_y>
        <sling_cw_z>0</sling_cw_z>
        <sling_friction_glide>0.35</sling_friction_glide>
        <sling_friction_static>3</sling_friction_static>
    </object_0>
    <object_1>
        <obj_path>CDB-Library/Peeps/Militare_Peeps/peeps_rampAgentM2.obj</obj_path>
        <elevation>0</elevation>
        <dist_x>-1</dist_x>
        <dist_y>6</dist_y>
        <heading>234</heading>
        <pitch>0</pitch>
        <roll>0</roll>
        <is_patient>true</is_patient>
        <is_slingload>false</is_slingload>
        <sling_is_bambi_bucket>false</sling_is_bambi_bucket>
        <sling_instanced_drawing>true</sling_instanced_drawing>
        <sling_pos_x>0</sling_pos_x>
        <sling_pos_y>0</sling_pos_y>
        <sling_pos_z>0</sling_pos_z>
        <sling_weight>100</sling_weight>
        <sling_height>0</sling_height>
        <sling_size_x>0</sling_size_x>
        <sling_size_y>0</sling_size_y>
        <sling_size_z>0</sling_size_z>
        <sling_cw_x>0</sling_cw_x>
        <sling_cw_y>0</sling_cw_y>
        <sling_cw_z>0</sling_cw_z>
        <sling_friction_glide>0.35</sling_friction_glide>
        <sling_friction_static>3</sling_friction_static>
    </object_1>
    <object_2>
        <obj_path>3D_people_library/Soldier_male2.obj</obj_path>
        <elevation>0</elevation>
        <dist_x>0</dist_x>
        <dist_y>11</dist_y>
        <heading>21</heading>
        <pitch>0</pitch>
        <roll>0</roll>
        <is_patient>false</is_patient>
        <is_slingload>false</is_slingload>
        <sling_is_bambi_bucket>false</sling_is_bambi_bucket>
        <sling_instanced_drawing>true</sling_instanced_drawing>
        <sling_pos_x>0</sling_pos_x>
        <sling_pos_y>0</sling_pos_y>
        <sling_pos_z>0</sling_pos_z>
        <sling_weight>100</sling_weight>
        <sling_height>0</sling_height>
        <sling_size_x>0</sling_size_x>
        <sling_size_y>0</sling_size_y>
        <sling_size_z>0</sling_size_z>
        <sling_cw_x>0</sling_cw_x>
        <sling_cw_y>0</sling_cw_y>
        <sling_cw_z>0</sling_cw_z>
        <sling_friction_glide>0.35</sling_friction_glide>
        <sling_friction_static>3</sling_friction_static>
    </object_2>
    <object_3>
        <obj_path>3D_people_library/Soldier_female2.obj</obj_path>
        <elevation>0</elevation>
        <dist_x>-1</dist_x>
        <dist_y>10</dist_y>
        <heading>241</heading>
        <pitch>0</pitch>
        <roll>0</roll>
        <is_patient>false</is_patient>
        <is_slingload>false</is_slingload>
        <sling_is_bambi_bucket>false</sling_is_bambi_bucket>
        <sling_instanced_drawing>true</sling_instanced_drawing>
        <sling_pos_x>0</sling_pos_x>
        <sling_pos_y>0</sling_pos_y>
        <sling_pos_z>0</sling_pos_z>
        <sling_weight>100</sling_weight>
        <sling_height>0</sling_height>
        <sling_size_x>0</sling_size_x>
        <sling_size_y>0</sling_size_y>
        <sling_size_z>0</sling_size_z>
        <sling_cw_x>0</sling_cw_x>
        <sling_cw_y>0</sling_cw_y>
        <sling_cw_z>0</sling_cw_z>
        <sling_friction_glide>0.35</sling_friction_glide>
        <sling_friction_static>3</sling_friction_static>
    </object_3>
    <object_4>
        <obj_path>handyobjects/miscellaneous/army_tent_camo_open_both_ends.obj</obj_path>
        <elevation>0</elevation>
        <dist_x>0</dist_x>
        <dist_y>16</dist_y>
        <heading>2</heading>
        <pitch>0</pitch>
        <roll>0</roll>
        <is_patient>false</is_patient>
        <is_slingload>false</is_slingload>
        <sling_is_bambi_bucket>false</sling_is_bambi_bucket>
        <sling_instanced_drawing>true</sling_instanced_drawing>
        <sling_pos_x>0</sling_pos_x>
        <sling_pos_y>0</sling_pos_y>
        <sling_pos_z>0</sling_pos_z>
        <sling_weight>100</sling_weight>
        <sling_height>0</sling_height>
        <sling_size_x>0</sling_size_x>
        <sling_size_y>0</sling_size_y>
        <sling_size_z>0</sling_size_z>
        <sling_cw_x>0</sling_cw_x>
        <sling_cw_y>0</sling_cw_y>
        <sling_cw_z>0</sling_cw_z>
        <sling_friction_glide>0.35</sling_friction_glide>
        <sling_friction_static>3</sling_friction_static>
    </object_4>
    <object_5>
        <obj_path>handyobjects/storage/hold_all_black.obj</obj_path>
        <elevation>0</elevation>
        <dist_x>-0.5</dist_x>
        <dist_y>5.5</dist_y>
        <heading>0</heading>
        <pitch>0</pitch>
        <roll>0</roll>
        <is_patient>false</is_patient>
        <is_slingload>false</is_slingload>
        <sling_is_bambi_bucket>false</sling_is_bambi_bucket>
        <sling_instanced_drawing>true</sling_instanced_drawing>
        <sling_pos_x>0</sling_pos_x>
        <sling_pos_y>0</sling_pos_y>
        <sling_pos_z>0</sling_pos_z>
        <sling_weight>100</sling_weight>
        <sling_height>0</sling_height>
        <sling_size_x>0</sling_size_x>
        <sling_size_y>0</sling_size_y>
        <sling_size_z>0</sling_size_z>
        <sling_cw_x>0</sling_cw_x>
        <sling_cw_y>0</sling_cw_y>
        <sling_cw_z>0</sling_cw_z>
        <sling_friction_glide>0.35</sling_friction_glide>
        <sling_friction_static>3</sling_friction_static>
    </object_5>
</mission_2>
<mission_3>
    <name>Soldier Recovery</name>
    <type>3</type>
    <start_text>A wounded soldier needs to be picked up from steep terrain.</start_text>
    <pickup_text>The wounded soldier is on board and we are ready to go. We should get to the hospital as quickly as possible. Make sure that his situation does not get worse by flying as careful as possible.</pickup_text>
    <flight2_text>The patient is on board and we are on our way to the hospital. We should go as quickly, but also as smoothly as possible to ensure our patient is alright</flight2_text>
    <failed_arr_text>We did not make it in time, but we should still pick up the dead soldier. The hospital will make arrangements for his last travel home.</failed_arr_text>
    <failed_hosp_text>Unfortunately, our patient did not make it. Let&apos;s drop the corpse at the hospital and let them make the arrangements for his final journey back home. </failed_hosp_text>
    <end_text>The wounded soldier was handed over to the hospital surgeons.</end_text>
    <sound_start>0</sound_start>
    <sound_arr>0</sound_arr>
    <sound_pickup>0</sound_pickup>
    <sound_end>0</sound_end>
    <sound_failed_arr>0</sound_failed_arr>
    <sound_failed_hops>0</sound_failed_hops>
    <object_0>
        <obj_path>./Resources/plugins/HRM/flare_5.obj</obj_path>
        <elevation>0.949999988079071</elevation>
        <dist_x>0.6499999761581421</dist_x>
        <dist_y>1</dist_y>
        <heading>0</heading>
        <pitch>0</pitch>
        <roll>0</roll>
        <is_patient>false</is_patient>
        <is_slingload>false</is_slingload>
        <sling_is_bambi_bucket>false</sling_is_bambi_bucket>
        <sling_instanced_drawing>true</sling_instanced_drawing>
        <sling_pos_x>0</sling_pos_x>
        <sling_pos_y>0</sling_pos_y>
        <sling_pos_z>0</sling_pos_z>
        <sling_weight>100</sling_weight>
        <sling_height>0</sling_height>
        <sling_size_x>0</sling_size_x>
        <sling_size_y>0</sling_size_y>
        <sling_size_z>0</sling_size_z>
        <sling_cw_x>0</sling_cw_x>
        <sling_cw_y>0</sling_cw_y>
        <sling_cw_z>0</sling_cw_z>
        <sling_friction_glide>0.35</sling_friction_glide>
        <sling_friction_static>3</sling_friction_static>
    </object_0>
    <object_1>
        <obj_path>CDB-Library/Peeps/Militare_Peeps/peeps_militareM17.obj</obj_path>
        <elevation>0</elevation>
        <dist_x>0</dist_x>
        <dist_y>1</dist_y>
        <heading>0</heading>
        <pitch>0</pitch>
        <roll>0</roll>
        <is_patient>false</is_patient>
        <is_slingload>false</is_slingload>
        <sling_is_bambi_bucket>false</sling_is_bambi_bucket>
        <sling_instanced_drawing>true</sling_instanced_drawing>
        <sling_pos_x>0</sling_pos_x>
        <sling_pos_y>0</sling_pos_y>
        <sling_pos_z>0</sling_pos_z>
        <sling_weight>100</sling_weight>
        <sling_height>0</sling_height>
        <sling_size_x>0</sling_size_x>
        <sling_size_y>0</sling_size_y>
        <sling_size_z>0</sling_size_z>
        <sling_cw_x>0</sling_cw_x>
        <sling_cw_y>0</sling_cw_y>
        <sling_cw_z>0</sling_cw_z>
        <sling_friction_glide>0.35</sling_friction_glide>
        <sling_friction_static>3</sling_friction_static>
    </object_1>
    <object_2>
        <obj_path>RescueX/objects/Bergwacht_Luftrettungssack.obj</obj_path>
        <elevation>0</elevation>
        <dist_x>0</dist_x>
        <dist_y>0</dist_y>
        <heading>0</heading>
        <pitch>0</pitch>
        <roll>0</roll>
        <is_patient>true</is_patient>
        <is_slingload>true</is_slingload>
        <sling_is_bambi_bucket>false</sling_is_bambi_bucket>
        <sling_instanced_drawing>true</sling_instanced_drawing>
        <sling_pos_x>0</sling_pos_x>
        <sling_pos_y>0.9299995</sling_pos_y>
        <sling_pos_z>0.18</sling_pos_z>
        <sling_weight>100</sling_weight>
        <sling_height>0.9000003</sling_height>
        <sling_size_x>0.5</sling_size_x>
        <sling_size_y>2</sling_size_y>
        <sling_size_z>0.5</sling_size_z>
        <sling_cw_x>0.9</sling_cw_x>
        <sling_cw_y>0.9</sling_cw_y>
        <sling_cw_z>0.9</sling_cw_z>
        <sling_friction_glide>0.35</sling_friction_glide>
        <sling_friction_static>3</sling_friction_static>
    </object_2>
</mission_3>
<mission_4>
    <name>Cargo Recovery</name>
    <type>3</type>
    <start_text>One of our C-130 lost a container full with whiskey bottles, probably because the cargo crew was so drunk they didn’t realize they were sleeping on the cargo door handle. Well, obviously this is a serious emergency and you are assigned to recover the precious cargo as quickly as possible.</start_text>
    <pickup_text>The container is hooked up and we are ready to go. We should get to the camp as quickly as possible. Make sure that even more bottles get broken by flying as careful as possible.</pickup_text>
    <flight2_text>The patient is on board and we are on our way to the hospital. We should go as quickly, but also as smoothly as possible to ensure our patient is alright</flight2_text>
    <failed_arr_text>We did not make it in time, but chances are that good that the expiry date on the whiskey was faked anyways.</failed_arr_text>
    <failed_hosp_text>We did not make it in time, but chances are that good that the expiry date on the whiskey was faked anyways.</failed_hosp_text>
    <end_text>Our cargo was delivered to the camp. Only a few bottles survived, but still better than nothing.</end_text>
    <sound_start>0</sound_start>
    <sound_arr>0</sound_arr>
    <sound_pickup>0</sound_pickup>
    <sound_end>0</sound_end>
    <sound_failed_arr>0</sound_failed_arr>
    <sound_failed_hops>0</sound_failed_hops>
    <object_0>
        <obj_path>RD_Library/Buildings/container_10m_1OLD2.obj</obj_path>
        <elevation>0</elevation>
        <dist_x>0</dist_x>
        <dist_y>0</dist_y>
        <heading>0</heading>
        <pitch>0</pitch>
        <roll>0</roll>
        <is_patient>true</is_patient>
        <is_slingload>true</is_slingload>
        <sling_is_bambi_bucket>false</sling_is_bambi_bucket>
        <sling_instanced_drawing>true</sling_instanced_drawing>
        <sling_pos_x>5</sling_pos_x>
        <sling_pos_y>3</sling_pos_y>
        <sling_pos_z>-1.5</sling_pos_z>
        <sling_weight>1000</sling_weight>
        <sling_height>3</sling_height>
        <sling_size_x>10</sling_size_x>
        <sling_size_y>3</sling_size_y>
        <sling_size_z>3</sling_size_z>
        <sling_cw_x>0.9</sling_cw_x>
        <sling_cw_y>0.9</sling_cw_y>
        <sling_cw_z>0.9</sling_cw_z>
        <sling_friction_glide>0.35</sling_friction_glide>
        <sling_friction_static>3</sling_friction_static>
    </object_0>
</mission_4>
