<?xml version="1.0" encoding="UTF-8"?>
<doc>
    <objects>
        <object class="WED_Root" id="1" parent_id="0">
            <sources/>
            <viewers/>
            <children>
                <child id="2"/>
                <child id="3"/>
                <child id="4"/>
            </children>
            <hierarchy name="root"/>
        </object>
        <object class="WED_ObjPlacement" id="65" parent_id="4">
            <sources/>
            <viewers/>
            <children/>
            <hierarchy hidden="0" locked="0" name="hedge_5m_tall.obj"/>
            <point heading="0.00" latitude="46.965864528" longitude="-112.641523311"/>
            <obj_placement custom_msl="0" msl="0.000" resource="handyobjects/gatesandfences/hedge_5m_tall.obj" show_level="1 Default"/>
        </object>
        <object class="WED_ObjPlacement" id="9" parent_id="5">
            <sources/>
            <viewers/>
            <children/>
            <hierarchy hidden="0" locked="0" name="Hospital.obj"/>
            <point heading="0.00" latitude="46.965731969" longitude="-112.641367849"/>
            <obj_placement custom_msl="0" msl="0.000" resource="montana_hospitals/Hospital.obj" show_level="1 Default"/>
        </object>
        <object class="WED_Select" id="2" parent_id="1">
            <sources/>
            <viewers/>
            <children/>
            <hierarchy name="selection"/>
            <selection>
                <sel id="97"/>
            </selection>
        </object>
        <object class="WED_KeyObjects" id="3" parent_id="1">
            <sources/>
            <viewers/>
            <children/>
            <hierarchy name="choices"/>
            <keys>
                <key id="5" name="airport"/>
            </keys>
        </object>
        <object class="WED_Group" id="4" parent_id="1">
            <sources/>
            <viewers/>
            <children>
                <child id="97"/>
                <child id="96"/>
                <child id="95"/>
                <child id="92"/>
                <child id="91"/>
                <child id="90"/>
                <child id="85"/>
                <child id="84"/>
                <child id="83"/>
                <child id="82"/>
                <child id="81"/>
                <child id="80"/>
                <child id="79"/>
                <child id="78"/>
                <child id="77"/>
                <child id="76"/>
                <child id="75"/>
                <child id="74"/>
                <child id="73"/>
                <child id="72"/>
                <child id="71"/>
                <child id="70"/>
                <child id="67"/>
                <child id="66"/>
                <child id="65"/>
                <child id="64"/>
                <child id="63"/>
                <child id="60"/>
                <child id="59"/>
                <child id="57"/>
                <child id="56"/>
                <child id="55"/>
                <child id="53"/>
                <child id="52"/>
                <child id="24"/>
                <child id="20"/>
                <child id="5"/>
            </children>
            <hierarchy hidden="0" locked="0" name="world"/>
        </object>
        <object class="WED_Airport" id="5" parent_id="4">
            <sources/>
            <viewers/>
            <children>
                <child id="9"/>
                <child id="6"/>
            </children>
            <hierarchy hidden="0" locked="0" name="S69_Airport"/>
            <airport always_flatten="1" drive_on_left="0" elevation="0.0" has_atc="0" icao="S695" kind="Airport" scenery_id="-1"/>
            <meta_data/>
        </object>
        <object class="WED_Helipad" id="6" parent_id="5">
            <sources/>
            <viewers/>
            <children/>
            <hierarchy hidden="0" locked="0" name="H1"/>
            <point heading="304.97" latitude="46.965820497" length="8.9" longitude="-112.641179027" width="23.0"/>
            <helipad lights="None" markings="Default" roughness="0.00" shoulder="None" surface="Asphalt"/>
        </object>
        <object class="WED_ExclusionZone" id="20" parent_id="4">
            <sources/>
            <viewers/>
            <children>
                <child id="21"/>
                <child id="22"/>
            </children>
            <hierarchy hidden="0" locked="0" name="Exclusion Zone 2"/>
            <excluzions/>
        </object>
        <object class="WED_SimpleBoundaryNode" id="21" parent_id="20">
            <sources/>
            <viewers/>
            <children/>
            <hierarchy hidden="0" locked="0" name="Start"/>
            <point latitude="46.965974680" longitude="-112.641430214"/>
        </object>
        <object class="WED_SimpleBoundaryNode" id="22" parent_id="20">
            <sources/>
            <viewers/>
            <children/>
            <hierarchy hidden="0" locked="0" name="End"/>
            <point latitude="46.965684807" longitude="-112.640966689"/>
        </object>
        <object class="WED_Ring" id="23" parent_id="24">
            <sources/>
            <viewers/>
            <children>
                <child id="25"/>
                <child id="26"/>
                <child id="27"/>
                <child id="28"/>
            </children>
            <hierarchy hidden="0" locked="0" name="Polygon 2 Outer Ring"/>
        </object>
        <object class="WED_PolygonPlacement" id="24" parent_id="4">
            <sources/>
            <viewers/>
            <children>
                <child id="23"/>
            </children>
            <hierarchy hidden="0" locked="0" name="Asphalt_1_Base.pol"/>
            <polygon_placement heading="0.0" resource="MisterX_Library/Ground_Textures/Asphalt_1_Base.pol"/>
        </object>
        <object class="WED_SimpleBezierBoundaryNode" id="25" parent_id="23">
            <sources/>
            <viewers/>
            <children/>
            <hierarchy hidden="0" locked="0" name="Node 1"/>
            <point ctrl_latitude_hi="0.000000000" ctrl_latitude_lo="0.000000000" ctrl_longitude_hi="0.000000000" ctrl_longitude_lo="0.000000000" latitude="46.966019747" longitude="-112.641520274" split="0"/>
        </object>
        <object class="WED_SimpleBezierBoundaryNode" id="26" parent_id="23">
            <sources/>
            <viewers/>
            <children/>
            <hierarchy hidden="0" locked="0" name="Node 2"/>
            <point ctrl_latitude_hi="0.000000000" ctrl_latitude_lo="0.000000000" ctrl_longitude_hi="0.000000000" ctrl_longitude_lo="0.000000000" latitude="46.965682732" longitude="-112.641518226" split="0"/>
        </object>
        <object class="WED_SimpleBezierBoundaryNode" id="27" parent_id="23">
            <sources/>
            <viewers/>
            <children/>
            <hierarchy hidden="0" locked="0" name="Node 3"/>
            <point ctrl_latitude_hi="0.000000000" ctrl_latitude_lo="0.000000000" ctrl_longitude_hi="0.000000000" ctrl_longitude_lo="0.000000000" latitude="46.965680668" longitude="-112.640929134" split="0"/>
        </object>
        <object class="WED_SimpleBezierBoundaryNode" id="28" parent_id="23">
            <sources/>
            <viewers/>
            <children/>
            <hierarchy hidden="0" locked="0" name="Node 4"/>
            <point ctrl_latitude_hi="0.000000000" ctrl_latitude_lo="0.000000000" ctrl_longitude_hi="0.000000000" ctrl_longitude_lo="0.000000000" latitude="46.966022058" longitude="-112.640930142" split="0"/>
        </object>
        <object class="WED_ObjPlacement" id="52" parent_id="4">
            <sources/>
            <viewers/>
            <children/>
            <hierarchy hidden="0" locked="0" name="Parking_Space_10.obj"/>
            <point heading="90.00" latitude="46.965934332" longitude="-112.641465733"/>
            <obj_placement custom_msl="0" msl="0.000" resource="MisterX_Library/Airport/Ground_Markings/Parking_Spaces/Parking_Space_10.obj" show_level="1 Default"/>
        </object>
        <object class="WED_ObjPlacement" id="53" parent_id="4">
            <sources/>
            <viewers/>
            <children/>
            <hierarchy hidden="0" locked="0" name="car_lexus.obj"/>
            <point heading="266.19" latitude="46.965942653" longitude="-112.641447444"/>
            <obj_placement custom_msl="0" msl="0.000" resource="RescueX/cars/car_lexus.obj" show_level="1 Default"/>
        </object>
        <object class="WED_ObjPlacement" id="55" parent_id="4">
            <sources/>
            <viewers/>
            <children/>
            <hierarchy hidden="0" locked="0" name="car_nissanStanzaWG.obj"/>
            <point heading="91.74" latitude="46.965902435" longitude="-112.641481990"/>
            <obj_placement custom_msl="0" msl="0.000" resource="RescueX/cars/car_nissanStanzaWG.obj" show_level="1 Default"/>
        </object>
        <object class="WED_ObjPlacement" id="56" parent_id="4">
            <sources/>
            <viewers/>
            <children/>
            <hierarchy hidden="0" locked="0" name="car_suzuki_cappuccino.obj"/>
            <point heading="90.00" latitude="46.965874698" longitude="-112.641477926"/>
            <obj_placement custom_msl="0" msl="0.000" resource="RescueX/cars/car_suzuki_cappuccino.obj" show_level="1 Default"/>
        </object>
        <object class="WED_ObjPlacement" id="57" parent_id="4">
            <sources/>
            <viewers/>
            <children/>
            <hierarchy hidden="0" locked="0" name="CDBhummer.obj"/>
            <point heading="267.40" latitude="46.965800734" longitude="-112.641464378"/>
            <obj_placement custom_msl="0" msl="0.000" resource="RescueX/cars/CDBhummer.obj" show_level="1 Default"/>
        </object>
        <object class="WED_ObjPlacement" id="59" parent_id="4">
            <sources/>
            <viewers/>
            <children/>
            <hierarchy hidden="0" locked="0" name="hedge_5m_tall.obj"/>
            <point heading="0.00" latitude="46.965683779" longitude="-112.641520601"/>
            <obj_placement custom_msl="0" msl="0.000" resource="handyobjects/gatesandfences/hedge_5m_tall.obj" show_level="1 Default"/>
        </object>
        <object class="WED_ObjPlacement" id="60" parent_id="4">
            <sources/>
            <viewers/>
            <children/>
            <hierarchy hidden="0" locked="0" name="hedge_5m_tall.obj"/>
            <point heading="0.00" latitude="46.965728619" longitude="-112.641519924"/>
            <obj_placement custom_msl="0" msl="0.000" resource="handyobjects/gatesandfences/hedge_5m_tall.obj" show_level="1 Default"/>
        </object>
        <object class="WED_ObjPlacement" id="63" parent_id="4">
            <sources/>
            <viewers/>
            <children/>
            <hierarchy hidden="0" locked="0" name="hedge_5m_tall.obj"/>
            <point heading="0.00" latitude="46.965773460" longitude="-112.641521279"/>
            <obj_placement custom_msl="0" msl="0.000" resource="handyobjects/gatesandfences/hedge_5m_tall.obj" show_level="1 Default"/>
        </object>
        <object class="WED_ObjPlacement" id="64" parent_id="4">
            <sources/>
            <viewers/>
            <children/>
            <hierarchy hidden="0" locked="0" name="hedge_5m_tall.obj"/>
            <point heading="0.00" latitude="46.965818763" longitude="-112.641522634"/>
            <obj_placement custom_msl="0" msl="0.000" resource="handyobjects/gatesandfences/hedge_5m_tall.obj" show_level="1 Default"/>
        </object>
        <object class="WED_ObjPlacement" id="66" parent_id="4">
            <sources/>
            <viewers/>
            <children/>
            <hierarchy hidden="0" locked="0" name="hedge_5m_tall.obj"/>
            <point heading="0.00" latitude="46.965910293" longitude="-112.641522634"/>
            <obj_placement custom_msl="0" msl="0.000" resource="handyobjects/gatesandfences/hedge_5m_tall.obj" show_level="1 Default"/>
        </object>
        <object class="WED_ObjPlacement" id="67" parent_id="4">
            <sources/>
            <viewers/>
            <children/>
            <hierarchy hidden="0" locked="0" name="hedge_5m_tall.obj"/>
            <point heading="0.00" latitude="46.965955596" longitude="-112.641522634"/>
            <obj_placement custom_msl="0" msl="0.000" resource="handyobjects/gatesandfences/hedge_5m_tall.obj" show_level="1 Default"/>
        </object>
        <object class="WED_ObjPlacement" id="70" parent_id="4">
            <sources/>
            <viewers/>
            <children/>
            <hierarchy hidden="0" locked="0" name="hedge_5m_tall.obj"/>
            <point heading="90.74" latitude="46.965681929" longitude="-112.641522634"/>
            <obj_placement custom_msl="0" msl="0.000" resource="handyobjects/gatesandfences/hedge_5m_tall.obj" show_level="1 Default"/>
        </object>
        <object class="WED_ObjPlacement" id="71" parent_id="4">
            <sources/>
            <viewers/>
            <children/>
            <hierarchy hidden="0" locked="0" name="hedge_5m_tall.obj"/>
            <point heading="90.00" latitude="46.965681929" longitude="-112.641455572"/>
            <obj_placement custom_msl="0" msl="0.000" resource="handyobjects/gatesandfences/hedge_5m_tall.obj" show_level="1 Default"/>
        </object>
        <object class="WED_ObjPlacement" id="72" parent_id="4">
            <sources/>
            <viewers/>
            <children/>
            <hierarchy hidden="0" locked="0" name="hedge_5m_tall.obj"/>
            <point heading="91.75" latitude="46.965681929" longitude="-112.641389188"/>
            <obj_placement custom_msl="0" msl="0.000" resource="handyobjects/gatesandfences/hedge_5m_tall.obj" show_level="1 Default"/>
        </object>
        <object class="WED_ObjPlacement" id="73" parent_id="4">
            <sources/>
            <viewers/>
            <children/>
            <hierarchy hidden="0" locked="0" name="hedge_5m_tall.obj"/>
            <point heading="91.79" latitude="46.965682392" longitude="-112.641322804"/>
            <obj_placement custom_msl="0" msl="0.000" resource="handyobjects/gatesandfences/hedge_5m_tall.obj" show_level="1 Default"/>
        </object>
        <object class="WED_ObjPlacement" id="74" parent_id="4">
            <sources/>
            <viewers/>
            <children/>
            <hierarchy hidden="0" locked="0" name="hedge_5m_tall.obj"/>
            <point heading="90.74" latitude="46.965681467" longitude="-112.641257775"/>
            <obj_placement custom_msl="0" msl="0.000" resource="handyobjects/gatesandfences/hedge_5m_tall.obj" show_level="1 Default"/>
        </object>
        <object class="WED_ObjPlacement" id="75" parent_id="4">
            <sources/>
            <viewers/>
            <children/>
            <hierarchy hidden="0" locked="0" name="hedge_5m_tall.obj"/>
            <point heading="89.22" latitude="46.965680543" longitude="-112.641192068"/>
            <obj_placement custom_msl="0" msl="0.000" resource="handyobjects/gatesandfences/hedge_5m_tall.obj" show_level="1 Default"/>
        </object>
        <object class="WED_ObjPlacement" id="76" parent_id="4">
            <sources/>
            <viewers/>
            <children/>
            <hierarchy hidden="0" locked="0" name="hedge_5m_tall.obj"/>
            <point heading="90.00" latitude="46.965680543" longitude="-112.641125684"/>
            <obj_placement custom_msl="0" msl="0.000" resource="handyobjects/gatesandfences/hedge_5m_tall.obj" show_level="1 Default"/>
        </object>
        <object class="WED_ObjPlacement" id="77" parent_id="4">
            <sources/>
            <viewers/>
            <children/>
            <hierarchy hidden="0" locked="0" name="hedge_5m_tall.obj"/>
            <point heading="91.97" latitude="46.965681467" longitude="-112.641059300"/>
            <obj_placement custom_msl="0" msl="0.000" resource="handyobjects/gatesandfences/hedge_5m_tall.obj" show_level="1 Default"/>
        </object>
        <object class="WED_ObjPlacement" id="78" parent_id="4">
            <sources/>
            <viewers/>
            <children/>
            <hierarchy hidden="0" locked="0" name="hedge_5m_tall.obj"/>
            <point heading="90.00" latitude="46.965680080" longitude="-112.640990884"/>
            <obj_placement custom_msl="0" msl="0.000" resource="handyobjects/gatesandfences/hedge_5m_tall.obj" show_level="1 Default"/>
        </object>
        <object class="WED_ObjPlacement" id="79" parent_id="4">
            <sources/>
            <viewers/>
            <children/>
            <hierarchy hidden="0" locked="0" name="hedge_5m_tall.obj"/>
            <point heading="359.32" latitude="46.965684241" longitude="-112.640927887"/>
            <obj_placement custom_msl="0" msl="0.000" resource="handyobjects/gatesandfences/hedge_5m_tall.obj" show_level="1 Default"/>
        </object>
        <object class="WED_ObjPlacement" id="80" parent_id="4">
            <sources/>
            <viewers/>
            <children/>
            <hierarchy hidden="0" locked="0" name="hedge_5m_tall.obj"/>
            <point heading="359.47" latitude="46.965729544" longitude="-112.640928564"/>
            <obj_placement custom_msl="0" msl="0.000" resource="handyobjects/gatesandfences/hedge_5m_tall.obj" show_level="1 Default"/>
        </object>
        <object class="WED_ObjPlacement" id="81" parent_id="4">
            <sources/>
            <viewers/>
            <children/>
            <hierarchy hidden="0" locked="0" name="hedge_5m_tall.obj"/>
            <point heading="0.00" latitude="46.965774847" longitude="-112.640928564"/>
            <obj_placement custom_msl="0" msl="0.000" resource="handyobjects/gatesandfences/hedge_5m_tall.obj" show_level="1 Default"/>
        </object>
        <object class="WED_ObjPlacement" id="82" parent_id="4">
            <sources/>
            <viewers/>
            <children/>
            <hierarchy hidden="0" locked="0" name="hedge_5m_tall.obj"/>
            <point heading="0.00" latitude="46.965820150" longitude="-112.640929241"/>
            <obj_placement custom_msl="0" msl="0.000" resource="handyobjects/gatesandfences/hedge_5m_tall.obj" show_level="1 Default"/>
        </object>
        <object class="WED_ObjPlacement" id="83" parent_id="4">
            <sources/>
            <viewers/>
            <children/>
            <hierarchy hidden="0" locked="0" name="hedge_5m_tall.obj"/>
            <point heading="0.00" latitude="46.965865915" longitude="-112.640929919"/>
            <obj_placement custom_msl="0" msl="0.000" resource="handyobjects/gatesandfences/hedge_5m_tall.obj" show_level="1 Default"/>
        </object>
        <object class="WED_ObjPlacement" id="84" parent_id="4">
            <sources/>
            <viewers/>
            <children/>
            <hierarchy hidden="0" locked="0" name="hedge_5m_tall.obj"/>
            <point heading="0.00" latitude="46.965911218" longitude="-112.640929241"/>
            <obj_placement custom_msl="0" msl="0.000" resource="handyobjects/gatesandfences/hedge_5m_tall.obj" show_level="1 Default"/>
        </object>
        <object class="WED_ObjPlacement" id="85" parent_id="4">
            <sources/>
            <viewers/>
            <children/>
            <hierarchy hidden="0" locked="0" name="hedge_5m_tall.obj"/>
            <point heading="0.00" latitude="46.965956983" longitude="-112.640929919"/>
            <obj_placement custom_msl="0" msl="0.000" resource="handyobjects/gatesandfences/hedge_5m_tall.obj" show_level="1 Default"/>
        </object>
        <object class="WED_ObjPlacement" id="90" parent_id="4">
            <sources/>
            <viewers/>
            <children/>
            <hierarchy hidden="0" locked="0" name="car_ambulance3.obj"/>
            <point heading="0.00" latitude="46.965975474" longitude="-112.641271323"/>
            <obj_placement custom_msl="0" msl="0.000" resource="CDB-Library/Airport/GSE/ambulance/car_ambulance3.obj" show_level="1 Default"/>
        </object>
        <object class="WED_ObjPlacement" id="91" parent_id="4">
            <sources/>
            <viewers/>
            <children/>
            <hierarchy hidden="0" locked="0" name="car_ambulance3.obj"/>
            <point heading="358.11" latitude="46.965974550" longitude="-112.641192746"/>
            <obj_placement custom_msl="0" msl="0.000" resource="CDB-Library/Airport/GSE/ambulance/car_ambulance3.obj" show_level="1 Default"/>
        </object>
        <object class="WED_ObjPlacement" id="92" parent_id="4">
            <sources/>
            <viewers/>
            <children/>
            <hierarchy hidden="0" locked="0" name="car_ambulance3.obj"/>
            <point heading="356.05" latitude="46.965974550" longitude="-112.641117555"/>
            <obj_placement custom_msl="0" msl="0.000" resource="CDB-Library/Airport/GSE/ambulance/car_ambulance3.obj" show_level="1 Default"/>
        </object>
        <object class="WED_ObjPlacement" id="95" parent_id="4">
            <sources/>
            <viewers/>
            <children/>
            <hierarchy hidden="0" locked="0" name="peeps_ramp3.obj"/>
            <point heading="120.26" latitude="46.965967153" longitude="-112.641311966"/>
            <obj_placement custom_msl="0" msl="0.000" resource="CDB-Library/Peeps/airMarshall/peeps_ramp3.obj" show_level="1 Default"/>
        </object>
        <object class="WED_ObjPlacement" id="96" parent_id="4">
            <sources/>
            <viewers/>
            <children/>
            <hierarchy hidden="0" locked="0" name="peeps_ramp_agentF1.obj"/>
            <point heading="311.42" latitude="46.965959295" longitude="-112.641296386"/>
            <obj_placement custom_msl="0" msl="0.000" resource="CDB-Library/Peeps/airMarshall/peeps_ramp_agentF1.obj" show_level="1 Default"/>
        </object>
        <object class="WED_ObjPlacement" id="97" parent_id="4">
            <sources/>
            <viewers/>
            <children/>
            <hierarchy hidden="0" locked="0" name="peeps_ramp_agentM8.obj"/>
            <point heading="177.14" latitude="46.965959757" longitude="-112.641317385"/>
            <obj_placement custom_msl="0" msl="0.000" resource="CDB-Library/Peeps/airMarshall/peeps_ramp_agentM8.obj" show_level="1 Default"/>
        </object>
    </objects>
    <prefs>
        <pref name="PropertyPane0/Closed"/>
        <pref name="doc/export_target" value="2"/>
        <pref name="map/east" value="-112.640779"/>
        <pref name="map/north" value="46.966071"/>
        <pref name="map/obj_density" value="6"/>
        <pref name="map/pavement_alpha" value="4"/>
        <pref name="map/preview_vis" value="1"/>
        <pref name="map/real_lines_vis" value="1"/>
        <pref name="map/south" value="46.965555"/>
        <pref name="map/vertices_vis" value="1"/>
        <pref name="map/west" value="-112.641611"/>
        <pref name="map/world_map_vis" value="1"/>
        <pref name="map_Airport Beacon_Kind" value="69"/>
        <pref name="map_Boundary_.Markings" value=""/>
        <pref name="map_Boundary_Lights" value=""/>
        <pref name="map_Boundary_Markings" value=""/>
        <pref name="map_Exclusions_Exclusions" value=""/>
        <pref name="map_Facades_Height" value="10.000000"/>
        <pref name="map_Facades_Resource" value="lib/airport/Common_Elements/Fence_Facades/Fenced_Parking.fac"/>
        <pref name="map_Forests_Density" value="1.000000"/>
        <pref name="map_Forests_Resource" value="handyobjects/floraandfauna/foxglove.for"/>
        <pref name="map_Helipad_Edge Lights" value="14"/>
        <pref name="map_Helipad_Markings" value="67"/>
        <pref name="map_Helipad_Roughness" value="0.000000"/>
        <pref name="map_Helipad_Shoulder" value="56"/>
        <pref name="map_Helipad_Surface" value="25"/>
        <pref name="map_Hole_.Markings" value=""/>
        <pref name="map_Hole_Lights" value=""/>
        <pref name="map_Hole_Markings" value=""/>
        <pref name="map_Light Fixture_Approach Angle" value="3.000000"/>
        <pref name="map_Light Fixture_Fixture Type" value="35"/>
        <pref name="map_Lines_Resource" value="lib/airport/lines/9_double_parking.lin"/>
        <pref name="map_Objects_Object" value="CDB-Library/Peeps/airMarshall/peeps_ramp_agentF3.obj"/>
        <pref name="map_Objects_Show with" value="564"/>
        <pref name="map_Polygons_Heading" value="0.000000"/>
        <pref name="map_Polygons_Resource" value="MisterX_Library/Ground_Textures/Asphalt_1_Base.pol"/>
        <pref name="map_Polygons_Use Texture Map - Orthophoto" value="0"/>
        <pref name="map_Ramp Start_Airlines" value=""/>
        <pref name="map_Ramp Start_Equipment Type" value=""/>
        <pref name="map_Ramp Start_Ramp Operation Type" value="530"/>
        <pref name="map_Ramp Start_Ramp Start Type" value="139"/>
        <pref name="map_Ramp Start_Size" value="527"/>
        <pref name="map_Runway_Appch" value="51"/>
        <pref name="map_Runway_Center" value="1"/>
        <pref name="map_Runway_Dist" value="1"/>
        <pref name="map_Runway_Edge" value="7"/>
        <pref name="map_Runway_Marks" value="62"/>
        <pref name="map_Runway_REIL" value="10"/>
        <pref name="map_Runway_Rough" value="0.000000"/>
        <pref name="map_Runway_Shoulder" value="56"/>
        <pref name="map_Runway_Surface" value="26"/>
        <pref name="map_Runway_TDZL" value="0"/>
        <pref name="map_Sealane_Buoys" value="1"/>
        <pref name="map_Sign_Size" value="18"/>
        <pref name="map_Sign_Style" value="23"/>
        <pref name="map_Sign_Text" value="{@L}A"/>
        <pref name="map_Strings_Resource" value="handyobjects/markers/no_parking_cone.str"/>
        <pref name="map_Strings_Spacing" value="5.000000"/>
        <pref name="map_Taxi Routes_Allowed Vehicles" value="144"/>
        <pref name="map_Taxi Routes_Arrival" value=""/>
        <pref name="map_Taxi Routes_Departure" value=""/>
        <pref name="map_Taxi Routes_ILS" value=""/>
        <pref name="map_Taxi Routes_Name" value="N"/>
        <pref name="map_Taxi Routes_Oneway" value="1"/>
        <pref name="map_Taxi Routes_Runway" value="305"/>
        <pref name="map_Taxi Routes_Size" value="527"/>
        <pref name="map_Taxi Routes_Slop" value="10"/>
        <pref name="map_Taxilines_.Markings" value=""/>
        <pref name="map_Taxilines_Lights" value=""/>
        <pref name="map_Taxilines_Markings" value=""/>
        <pref name="map_Taxiway_.Markings" value=""/>
        <pref name="map_Taxiway_Heading" value="0.000000"/>
        <pref name="map_Taxiway_Lights" value=""/>
        <pref name="map_Taxiway_Markings" value=""/>
        <pref name="map_Taxiway_Pavement" value="26"/>
        <pref name="map_Taxiway_Roughness" value="0.000000"/>
        <pref name="map_Tower Viewpoint_Tower Height" value="25.000000"/>
        <pref name="map_Truck Destination_Truck Types" value=""/>
        <pref name="map_Truck Parking_." value="3"/>
        <pref name="map_Truck Parking_Truck Type" value="154"/>
        <pref name="map_Vertex_Snap To Vertices" value="0"/>
        <pref name="map_Windsock_Lit" value="0"/>
        <pref name="window/height" value="1162"/>
        <pref name="window/main_split" value="438"/>
        <pref name="window/main_split2" value="1772"/>
        <pref name="window/prev_split" value="470"/>
        <pref name="window/prop_split" value="675"/>
        <pref name="window/width" value="2194"/>
        <pref name="window/x_loc" value="-8"/>
        <pref name="window/y_loc" value="-8"/>
    </prefs>
</doc>
